{
	"S": [
		"Great Tusk",
		"Kingambit"
	],
	"S-": [
		"Dragapult",
		"Volcarona"
	],
	"A+": [
		"Dragonite",
		"Garganacl",
		"Gholdengo",
		"Iron Valiant"
	],
	"A": [
		"Baxcalibur",
		"Cinderace",
		"Roaring Moon",
		"Rotom-Wash",
		"Ting-Lu",
		"Toxapex",
		"Walking Wake"
	],
	"A-": [
		"Amoonguss",
		"Clodsire",
		"Corviknight",
		"Garchomp",
		"Glimmora",
		"Greninja",
		"Hatterene",
		"Hydreigon",
		"Iron Moth",
		"Meowscarada",
		"Orthworm",
		"Skeledirge",
		"Slowking",
		"Torkoal",
		"Zoroark-Hisui"
	],
	"B+": [
		"Azumarill",
		"Ceruledge",
		"Dondozo",
		"Scizor"
	],
	"B": [
		"Breloom",
		"Brute Bonnet",
		"Pawmot",
		"Pelipper",
		"Sandy Shocks",
		"Scream Tail"
	],
	"B-": [
		"Alomomola",
		"Armarouge",
		"Floatzel",
		"Indeedee",
		"Iron Jugulis",
		"Iron Treads",
		"Polteageist",
		"Quaquaval",
		"Toedscruel"
	],
	"C+": [
		"Grimmsnarl",
		"Hawlucha",
		"Iron Hands",
		"Iron Leaves",
		"Slither Wing"
	],
	"C": [
		"Abomasnow",
		"Barraskewda",
		"Blissey",
		"Charizard",
		"Gallade",
		"Gastrodon",
		"Iron Thorns",
		"Kilowattrel",
		"Magnezone",
		"Masquerain",
		"Pincurchin",
		"Scovillain",
		"Slowbro",
		"Talonflame",
		"Tauros-Paldea-Fire",
		"Tinkaton",
		"Tyranitar"
	],
	"C-": [
		"Cloyster",
		"Ditto",
		"Flamigo",
		"Gyarados",
		"Hippowdon",
		"Lokix",
		"Maushold",
		"Mimikyu",
		"Quagsire",
		"Rotom-Heat",
		"Sylveon",
		"Tauros-Paldea-Water",
		"Wo-Chien"
	]
}